{"LevelData":{"SizeCamera":6.949999809265137,"AttackType":1,"WaterType":0,"Datas":[{"ObjectType":2,"CharacterType":0,"EnemyType":3,"NameObject":"HM_cannon_1","IsEnable":true,"Postion":{"x":-1.9900000095367432,"y":0.0,"z":5.599999904632568},"Rotation":{"x":0.0,"y":0.7071068286895752,"z":0.0,"w":0.7071068286895752},"LocalScale":{"x":1.0,"y":1.0,"z":1.0}},{"ObjectType":3,"CharacterType":0,"EnemyType":0,"NameObject":"Pillar 01","IsEnable":true,"Postion":{"x":0.10000000149011612,"y":-1.0,"z":2.569999933242798},"Rotation":{"x":-0.7071068286895752,"y":0.0,"z":0.0,"w":0.7071068286895752},"LocalScale":{"x":1.2000000476837159,"y":1.2000000476837159,"z":1.2000000476837159}},{"ObjectType":3,"CharacterType":0,"EnemyType":0,"NameObject":"Pillar 01","IsEnable":true,"Postion":{"x":0.05000000074505806,"y":-1.0,"z":8.729999542236329},"Rotation":{"x":-0.7071068286895752,"y":0.0,"z":0.0,"w":0.7071068286895752},"LocalScale":{"x":1.2000000476837159,"y":1.2000000476837159,"z":1.2000000476837159}},{"ObjectType":1,"CharacterType":1,"EnemyType":0,"NameObject":"Character02","IsEnable":true,"Postion":{"x":1.8899999856948853,"y":0.0,"z":5.599999904632568},"Rotation":{"x":0.0,"y":-0.9659258127212524,"z":0.0,"w":0.2588191032409668},"LocalScale":{"x":1.2000000476837159,"y":1.2000000476837159,"z":1.2000000476837159}}]}}