{"LevelData":{"SizeCamera":6.949999809265137,"AttackType":0,"WaterType":0,"Datas":[{"ObjectType":1,"CharacterType":1,"EnemyType":0,"NameObject":"Character01","IsEnable":true,"Postion":{"x":0.10000000149011612,"y":0.0,"z":2.8399999141693117},"Rotation":{"x":0.0,"y":1.0,"z":0.0,"w":0.0},"LocalScale":{"x":1.2000000476837159,"y":1.2000000476837159,"z":1.2000000476837159}},{"ObjectType":3,"CharacterType":0,"EnemyType":0,"NameObject":"Pillar 01","IsEnable":true,"Postion":{"x":0.0,"y":0.0,"z":7.5},"Rotation":{"x":-0.7071068286895752,"y":0.0,"z":0.0,"w":0.7071068286895752},"LocalScale":{"x":1.2000000476837159,"y":1.2000000476837159,"z":1.2000000476837159}}]}}