{"LevelData":{"SizeCamera":6.949999809265137,"AttackType":0,"WaterType":0,"Datas":[{"ObjectType":1,"CharacterType":1,"EnemyType":0,"NameObject":"Character01","IsEnable":true,"Postion":{"x":-0.05000000074505806,"y":0.0,"z":6.460000038146973},"Rotation":{"x":0.0,"y":1.0,"z":0.0,"w":0.0},"LocalScale":{"x":1.2000000476837159,"y":1.2000000476837159,"z":1.2000000476837159}},{"ObjectType":3,"CharacterType":0,"EnemyType":0,"NameObject":"Pillar 01","IsEnable":true,"Postion":{"x":-0.05000000074505806,"y":0.0,"z":3.5199999809265138},"Rotation":{"x":-0.7071068286895752,"y":0.0,"z":0.0,"w":0.7071068286895752},"LocalScale":{"x":1.2000000476837159,"y":1.2000000476837159,"z":0.6000000238418579}},{"ObjectType":0,"CharacterType":0,"EnemyType":0,"NameObject":"Water","IsEnable":true,"Postion":{"x":0.0,"y":0.15000000596046449,"z":17.360000610351564},"Rotation":{"x":0.0,"y":0.0,"z":0.0,"w":1.0},"LocalScale":{"x":1.0,"y":1.0,"z":1.0}},{"ObjectType":4,"CharacterType":0,"EnemyType":0,"NameObject":"Fir_4c","IsEnable":false,"Postion":{"x":3.0999999046325685,"y":0.0,"z":2.7300000190734865},"Rotation":{"x":0.0,"y":0.0,"z":0.0,"w":1.0},"LocalScale":{"x":1.0,"y":1.0,"z":1.0}}]}}