{"LevelData":{"SizeCamera":6.949999809265137,"AttackType":1,"WaterType":0,"Datas":[{"ObjectType":3,"CharacterType":0,"EnemyType":0,"NameObject":"Pillar 01","IsEnable":false,"Postion":{"x":5.570000171661377,"y":-1.0,"z":-1.7000000476837159},"Rotation":{"x":-0.7071068286895752,"y":0.0,"z":0.0,"w":0.7071068286895752},"LocalScale":{"x":1.2000000476837159,"y":1.2000000476837159,"z":1.2000000476837159}},{"ObjectType":3,"CharacterType":0,"EnemyType":0,"NameObject":"Pillar 01","IsEnable":true,"Postion":{"x":0.05000000074505806,"y":0.0,"z":8.729999542236329},"Rotation":{"x":-0.7071068286895752,"y":0.0,"z":0.0,"w":0.7071068286895752},"LocalScale":{"x":1.2000000476837159,"y":1.2000000476837159,"z":0.6000000238418579}},{"ObjectType":1,"CharacterType":1,"EnemyType":0,"NameObject":"Character02","IsEnable":true,"Postion":{"x":0.0,"y":0.0,"z":3.7100000381469728},"Rotation":{"x":0.0,"y":-1.0,"z":0.0,"w":0.0},"LocalScale":{"x":1.2000000476837159,"y":1.2000000476837159,"z":1.2000000476837159}},{"ObjectType":2,"CharacterType":0,"EnemyType":1,"NameObject":"Spider","IsEnable":true,"Postion":{"x":0.10000000149011612,"y":0.0,"z":7.539999961853027},"Rotation":{"x":0.0,"y":1.0,"z":0.0,"w":0.0},"LocalScale":{"x":1.2000000476837159,"y":1.2000000476837159,"z":1.2000000476837159}}]}}