{"LevelData":{"SizeCamera":6.949999809265137,"AttackType":0,"WaterType":0,"Datas":[{"ObjectType":1,"CharacterType":1,"EnemyType":0,"NameObject":"Character01","IsEnable":true,"Postion":{"x":-2.440000057220459,"y":0.0,"z":5.619999885559082},"Rotation":{"x":0.0,"y":0.7071068286895752,"z":0.0,"w":0.7071068286895752},"LocalScale":{"x":1.0,"y":1.0,"z":1.0}},{"ObjectType":3,"CharacterType":0,"EnemyType":0,"NameObject":"Pillar 01","IsEnable":true,"Postion":{"x":-1.6399999856948853,"y":0.0,"z":7.730000019073486},"Rotation":{"x":-0.7071068286895752,"y":0.0,"z":0.0,"w":0.7071068286895752},"LocalScale":{"x":1.0,"y":1.0,"z":0.5}},{"ObjectType":3,"CharacterType":0,"EnemyType":0,"NameObject":"Pillar 01","IsEnable":true,"Postion":{"x":1.6399999856948853,"y":0.0,"z":7.730000019073486},"Rotation":{"x":-0.7071068286895752,"y":0.0,"z":0.0,"w":0.7071068286895752},"LocalScale":{"x":1.0,"y":1.0,"z":0.5}},{"ObjectType":0,"CharacterType":0,"EnemyType":0,"NameObject":"Water","IsEnable":true,"Postion":{"x":0.0,"y":0.15000000596046449,"z":18.100000381469728},"Rotation":{"x":0.0,"y":0.0,"z":0.0,"w":1.0},"LocalScale":{"x":1.0,"y":1.0,"z":1.0}}]}}